home,away,won,home_attack,home_deffense,away_attack,away_deffense,home_id,away_id
0,1,away,0.9325241052631579,1.3685032105263157,1.4262978684210526,1.0722211578947367,44,33
1,0,home,0.8908619736842105,1.353819894736842,1.0763644210526315,1.2173616842105264,52,41
0,3,away,1.1328612105263158,1.1503959736842104,1.185106657894737,1.014207052631579,36,42
4,3,home,1.5539092631578948,0.9581219736842105,1.315919947368421,1.4581814210526316,40,63
2,0,home,1.590960947368421,0.8525350789473685,1.3456919736842106,1.3521605789473683,50,66
0,1,away,1.112908,1.3578454736842105,1.0274163157894738,1.233633447368421,47,45
0,3,away,0.8425862105263158,1.6121498157894736,1.3476432368421052,0.9601127894736842,60,46
0,2,away,1.1979285263157895,1.1421443157894737,1.058699342105263,1.4024461052631578,48,34
1,3,away,1.3265687631578946,0.9644233157894737,1.5138173157894736,0.831302947368421,51,49
0,2,away,0.8389786578947368,1.3351425789473683,1.1308949736842104,1.2112308947368422,62,39
2,1,home,1.185106657894737,1.014207052631579,1.1979285263157895,1.1421443157894737,42,48
1,0,home,1.3456919736842106,1.3521605789473683,0.8389786578947368,1.3351425789473683,66,62
0,2,away,1.5138173157894736,0.831302947368421,1.5539092631578948,0.9581219736842105,49,40
5,2,home,1.0274163157894738,1.233633447368421,0.8425862105263158,1.6121498157894736,45,60
4,3,home,1.315919947368421,1.4581814210526316,1.1328612105263158,1.1503959736842104,63,36
4,2,home,1.3476432368421052,0.9601127894736842,0.9325241052631579,1.3685032105263157,46,44
1,3,away,1.4262978684210526,1.0722211578947367,0.8908619736842105,1.353819894736842,33,52
0,3,away,1.058699342105263,1.4024461052631578,1.3265687631578946,0.9644233157894737,34,51
2,5,away,1.0763644210526315,1.2173616842105264,1.112908,1.3578454736842105,41,47
1,3,away,1.1308949736842104,1.2112308947368422,1.590960947368421,0.8525350789473685,39,50
2,3,away,1.3265687631578946,0.9644233157894737,1.4262978684210526,1.0722211578947367,51,33
0,1,away,0.9325241052631579,1.3685032105263157,1.0763644210526315,1.2173616842105264,44,41
1,2,away,0.8908619736842105,1.353819894736842,1.0274163157894738,1.233633447368421,52,45
0,3,away,1.1328612105263158,1.1503959736842104,1.3456919736842106,1.3521605789473683,36,66
3,1,home,1.5539092631578948,0.9581219736842105,1.185106657894737,1.014207052631579,40,42
2,5,away,1.590960947368421,0.8525350789473685,1.3476432368421052,0.9601127894736842,50,46
0,1,away,0.8389786578947368,1.3351425789473683,1.315919947368421,1.4581814210526316,62,63
1,1,draw,1.112908,1.3578454736842105,1.058699342105263,1.4024461052631578,47,34
3,3,draw,0.8425862105263158,1.6121498157894736,1.5138173157894736,0.831302947368421,60,49
4,0,home,1.1979285263157895,1.1421443157894737,1.1308949736842104,1.2112308947368422,48,39
2,1,home,1.185106657894737,1.014207052631579,0.8389786578947368,1.3351425789473683,42,62
7,2,home,1.3456919736842106,1.3521605789473683,1.5539092631578948,0.9581219736842105,66,40
4,0,home,1.5138173157894736,0.831302947368421,0.8908619736842105,1.353819894736842,49,52
4,2,home,1.0274163157894738,1.233633447368421,1.3265687631578946,0.9644233157894737,45,51
1,1,draw,1.315919947368421,1.4581814210526316,1.590960947368421,0.8525350789473685,63,50
0,3,away,1.3476432368421052,0.9601127894736842,1.1979285263157895,1.1421443157894737,46,48
1,6,away,1.4262978684210526,1.0722211578947367,1.112908,1.3578454736842105,33,47
3,1,home,1.058699342105263,1.4024461052631578,0.9325241052631579,1.3685032105263157,34,44
2,0,home,1.0763644210526315,1.2173616842105264,0.8425862105263158,1.6121498157894736,41,60
1,0,home,1.1308949736842104,1.2112308947368422,1.1328612105263158,1.1503959736842104,39,36
3,3,draw,1.5138173157894736,0.831302947368421,1.0763644210526315,1.2173616842105264,49,41
1,1,draw,0.8908619736842105,1.353819894736842,1.3265687631578946,0.9644233157894737,52,51
2,2,draw,1.0274163157894738,1.233633447368421,1.5539092631578948,0.9581219736842105,45,40
0,1,away,1.315919947368421,1.4581814210526316,1.1308949736842104,1.2112308947368422,63,39
0,1,away,1.3476432368421052,0.9601127894736842,1.3456919736842106,1.3521605789473683,46,66
1,0,home,1.590960947368421,0.8525350789473685,1.185106657894737,1.014207052631579,50,42
1,4,away,1.058699342105263,1.4024461052631578,1.4262978684210526,1.0722211578947367,34,33
1,1,draw,0.8389786578947368,1.3351425789473683,1.1328612105263158,1.1503959736842104,62,36
3,3,draw,1.112908,1.3578454736842105,1.1979285263157895,1.1421443157894737,47,48
0,0,draw,0.8425862105263158,1.6121498157894736,0.9325241052631579,1.3685032105263157,60,44
0,1,away,1.185106657894737,1.014207052631579,1.3476432368421052,0.9601127894736842,42,46
0,3,away,1.3456919736842106,1.3521605789473683,1.315919947368421,1.4581814210526316,66,63
1,1,draw,1.3265687631578946,0.9644233157894737,0.8425862105263158,1.6121498157894736,51,60
0,1,away,0.9325241052631579,1.3685032105263157,1.112908,1.3578454736842105,44,47
1,2,away,1.1328612105263158,1.1503959736842104,0.8908619736842105,1.353819894736842,36,52
2,1,home,1.5539092631578948,0.9581219736842105,0.8389786578947368,1.3351425789473683,40,62
0,0,draw,1.4262978684210526,1.0722211578947367,1.5138173157894736,0.831302947368421,33,49
2,0,home,1.0763644210526315,1.2173616842105264,1.0274163157894738,1.233633447368421,41,45
1,1,draw,1.1979285263157895,1.1421443157894737,1.590960947368421,0.8525350789473685,48,50
1,1,draw,1.1308949736842104,1.2112308947368422,1.058699342105263,1.4024461052631578,39,34
3,4,away,1.3456919736842106,1.3521605789473683,1.0763644210526315,1.2173616842105264,66,41
0,3,away,0.9325241052631579,1.3685032105263157,1.5138173157894736,0.831302947368421,44,49
2,0,home,1.1328612105263158,1.1503959736842104,0.8425862105263158,1.6121498157894736,36,60
1,4,away,1.315919947368421,1.4581814210526316,1.3476432368421052,0.9601127894736842,63,46
2,1,home,1.5539092631578948,0.9581219736842105,1.1979285263157895,1.1421443157894737,40,48
0,1,away,1.4262978684210526,1.0722211578947367,1.185106657894737,1.014207052631579,33,42
2,1,home,1.058699342105263,1.4024461052631578,1.0274163157894738,1.233633447368421,34,45
0,1,away,0.8389786578947368,1.3351425789473683,1.590960947368421,0.8525350789473685,62,50
2,1,home,1.112908,1.3578454736842105,1.3265687631578946,0.9644233157894737,47,51
2,0,home,1.1308949736842104,1.2112308947368422,0.8908619736842105,1.353819894736842,39,52
0,3,away,1.185106657894737,1.014207052631579,1.3456919736842106,1.3521605789473683,42,66
0,0,draw,1.3265687631578946,0.9644233157894737,0.9325241052631579,1.3685032105263157,51,44
4,1,home,1.5138173157894736,0.831302947368421,0.8389786578947368,1.3351425789473683,49,62
4,1,home,0.8908619736842105,1.353819894736842,1.315919947368421,1.4581814210526316,52,63
1,3,away,1.0274163157894738,1.233633447368421,1.4262978684210526,1.0722211578947367,45,33
1,0,home,1.3476432368421052,0.9601127894736842,1.1308949736842104,1.2112308947368422,46,39
1,1,draw,1.590960947368421,0.8525350789473685,1.5539092631578948,0.9581219736842105,50,40
2,0,home,1.0763644210526315,1.2173616842105264,1.058699342105263,1.4024461052631578,41,34
0,1,away,0.8425862105263158,1.6121498157894736,1.112908,1.3578454736842105,60,47
1,0,home,1.1979285263157895,1.1421443157894737,1.1328612105263158,1.1503959736842104,48,36
1,2,away,1.3456919736842106,1.3521605789473683,1.3265687631578946,0.9644233157894737,66,51
1,0,home,0.9325241052631579,1.3685032105263157,0.8908619736842105,1.353819894736842,44,52
2,3,away,1.1328612105263158,1.1503959736842104,1.0274163157894738,1.233633447368421,36,45
0,0,draw,1.315919947368421,1.4581814210526316,1.185106657894737,1.014207052631579,63,42
3,0,home,1.5539092631578948,0.9581219736842105,1.3476432368421052,0.9601127894736842,40,46
1,0,home,1.4262978684210526,1.0722211578947367,0.8425862105263158,1.6121498157894736,33,60
0,2,away,1.058699342105263,1.4024461052631578,1.5138173157894736,0.831302947368421,34,49
0,1,away,0.8389786578947368,1.3351425789473683,1.1979285263157895,1.1421443157894737,62,48
2,0,home,1.112908,1.3578454736842105,1.590960947368421,0.8525350789473685,47,50
1,1,draw,1.1308949736842104,1.2112308947368422,1.0763644210526315,1.2173616842105264,39,41
1,2,away,1.185106657894737,1.014207052631579,1.1308949736842104,1.2112308947368422,42,39
1,1,draw,1.3265687631578946,0.9644233157894737,1.5539092631578948,0.9581219736842105,51,40
0,0,draw,1.5138173157894736,0.831302947368421,1.112908,1.3578454736842105,49,47
0,2,away,0.8908619736842105,1.353819894736842,1.058699342105263,1.4024461052631578,52,34
0,1,away,1.0274163157894738,1.233633447368421,1.315919947368421,1.4581814210526316,45,63
1,2,away,1.3476432368421052,0.9601127894736842,1.1328612105263158,1.1503959736842104,46,36
5,0,home,1.590960947368421,0.8525350789473685,0.9325241052631579,1.3685032105263157,50,44
2,3,away,1.0763644210526315,1.2173616842105264,1.4262978684210526,1.0722211578947367,41,33
1,0,home,0.8425862105263158,1.6121498157894736,0.8389786578947368,1.3351425789473683,60,62
2,1,home,1.1979285263157895,1.1421443157894737,1.3456919736842106,1.3521605789473683,48,66
2,0,home,1.3456919736842106,1.3521605789473683,1.058699342105263,1.4024461052631578,66,34
1,2,away,1.3265687631578946,0.9644233157894737,1.0763644210526315,1.2173616842105264,51,41
1,1,draw,0.9325241052631579,1.3685032105263157,1.0274163157894738,1.233633447368421,44,45
3,1,home,1.5138173157894736,0.831302947368421,1.315919947368421,1.4581814210526316,49,63
4,0,home,1.5539092631578948,0.9581219736842105,1.1308949736842104,1.2112308947368422,40,39
2,0,home,1.590960947368421,0.8525350789473685,1.1328612105263158,1.1503959736842104,50,36
1,2,away,0.8389786578947368,1.3351425789473683,1.3476432368421052,0.9601127894736842,62,46
2,0,home,1.112908,1.3578454736842105,1.185106657894737,1.014207052631579,47,42
1,5,away,0.8425862105263158,1.6121498157894736,0.8908619736842105,1.353819894736842,60,52
1,3,away,1.1979285263157895,1.1421443157894737,1.4262978684210526,1.0722211578947367,48,33
0,1,away,1.185106657894737,1.014207052631579,0.9325241052631579,1.3685032105263157,42,44
1,1,draw,0.8908619736842105,1.353819894736842,1.112908,1.3578454736842105,52,47
1,0,home,1.0274163157894738,1.233633447368421,1.5138173157894736,0.831302947368421,45,49
1,1,draw,1.1328612105263158,1.1503959736842104,1.5539092631578948,0.9581219736842105,36,40
1,2,away,1.315919947368421,1.4581814210526316,1.1979285263157895,1.1421443157894737,63,48
3,0,home,1.3476432368421052,0.9601127894736842,1.3265687631578946,0.9644233157894737,46,51
0,0,draw,1.4262978684210526,1.0722211578947367,1.590960947368421,0.8525350789473685,33,50
2,1,home,1.058699342105263,1.4024461052631578,0.8425862105263158,1.6121498157894736,34,60
3,0,home,1.0763644210526315,1.2173616842105264,0.8389786578947368,1.3351425789473683,41,62
0,1,away,1.1308949736842104,1.2112308947368422,1.3456919736842106,1.3521605789473683,39,66
1,1,draw,1.185106657894737,1.014207052631579,1.0763644210526315,1.2173616842105264,42,41
0,0,draw,1.3456919736842106,1.3521605789473683,0.9325241052631579,1.3685032105263157,66,44
0,0,draw,1.1328612105263158,1.1503959736842104,1.3265687631578946,0.9644233157894737,36,51
5,2,home,1.315919947368421,1.4581814210526316,1.058699342105263,1.4024461052631578,63,34
0,2,away,1.3476432368421052,0.9601127894736842,1.0274163157894738,1.233633447368421,46,45
2,3,away,0.8389786578947368,1.3351425789473683,1.4262978684210526,1.0722211578947367,62,33
1,1,draw,1.1979285263157895,1.1421443157894737,0.8908619736842105,1.353819894736842,48,52
2,1,home,1.1308949736842104,1.2112308947368422,1.5138173157894736,0.831302947368421,39,49
2,1,home,1.5539092631578948,0.9581219736842105,1.112908,1.3578454736842105,40,47
1,1,draw,1.590960947368421,0.8525350789473685,0.8425862105263158,1.6121498157894736,50,60
1,1,draw,1.3265687631578946,0.9644233157894737,0.8389786578947368,1.3351425789473683,51,62
2,1,home,0.9325241052631579,1.3685032105263157,1.1308949736842104,1.2112308947368422,44,39
3,0,home,1.5138173157894736,0.831302947368421,1.1979285263157895,1.1421443157894737,49,48
0,7,away,0.8908619736842105,1.353819894736842,1.5539092631578948,0.9581219736842105,52,40
2,1,home,1.0274163157894738,1.233633447368421,1.185106657894737,1.014207052631579,45,42
6,2,home,1.4262978684210526,1.0722211578947367,1.315919947368421,1.4581814210526316,33,63
1,1,draw,1.058699342105263,1.4024461052631578,1.1328612105263158,1.1503959736842104,34,36
0,1,away,1.0763644210526315,1.2173616842105264,1.590960947368421,0.8525350789473685,41,50
0,2,away,1.112908,1.3578454736842105,1.3476432368421052,0.9601127894736842,47,46
0,3,away,0.8425862105263158,1.6121498157894736,1.3456919736842106,1.3521605789473683,60,66
3,1,home,1.185106657894737,1.014207052631579,1.5138173157894736,0.831302947368421,42,49
3,0,home,1.3456919736842106,1.3521605789473683,0.8908619736842105,1.353819894736842,66,52
0,0,draw,1.1328612105263158,1.1503959736842104,1.0763644210526315,1.2173616842105264,36,41
1,0,home,1.315919947368421,1.4581814210526316,0.9325241052631579,1.3685032105263157,63,44
2,2,draw,1.3476432368421052,0.9601127894736842,1.4262978684210526,1.0722211578947367,46,33
1,1,draw,1.5539092631578948,0.9581219736842105,0.8425862105263158,1.6121498157894736,40,60
2,0,home,1.590960947368421,0.8525350789473685,1.058699342105263,1.4024461052631578,50,34
0,1,away,0.8389786578947368,1.3351425789473683,1.0274163157894738,1.233633447368421,62,45
2,2,draw,1.1979285263157895,1.1421443157894737,1.3265687631578946,0.9644233157894737,48,51
1,1,draw,1.1308949736842104,1.2112308947368422,1.112908,1.3578454736842105,39,47
0,1,away,1.3265687631578946,0.9644233157894737,1.185106657894737,1.014207052631579,51,42
1,0,home,0.9325241052631579,1.3685032105263157,0.8389786578947368,1.3351425789473683,44,62
1,1,draw,1.5138173157894736,0.831302947368421,1.3456919736842106,1.3521605789473683,49,66
1,1,draw,0.8908619736842105,1.353819894736842,1.3476432368421052,0.9601127894736842,52,46
1,3,away,1.0274163157894738,1.233633447368421,1.590960947368421,0.8525350789473685,45,50
1,0,home,1.4262978684210526,1.0722211578947367,1.1308949736842104,1.2112308947368422,33,39
0,0,draw,1.058699342105263,1.4024461052631578,1.5539092631578948,0.9581219736842105,34,40
0,0,draw,1.0763644210526315,1.2173616842105264,1.1979285263157895,1.1421443157894737,41,48
1,1,draw,1.112908,1.3578454736842105,1.1328612105263158,1.1503959736842104,47,36
0,5,away,0.8425862105263158,1.6121498157894736,1.315919947368421,1.4581814210526316,60,63
3,3,draw,1.3265687631578946,0.9644233157894737,1.1308949736842104,1.2112308947368422,51,39
1,1,draw,0.9325241052631579,1.3685032105263157,1.1328612105263158,1.1503959736842104,44,36
1,3,away,1.5138173157894736,0.831302947368421,1.590960947368421,0.8525350789473685,49,50
2,0,home,0.8908619736842105,1.353819894736842,0.8389786578947368,1.3351425789473683,52,62
0,1,away,1.0274163157894738,1.233633447368421,1.1979285263157895,1.1421443157894737,45,48
2,1,home,1.4262978684210526,1.0722211578947367,1.3456919736842106,1.3521605789473683,33,66
1,2,away,1.058699342105263,1.4024461052631578,1.3476432368421052,0.9601127894736842,34,46
1,0,home,1.0763644210526315,1.2173616842105264,1.5539092631578948,0.9581219736842105,41,40
3,0,home,1.112908,1.3578454736842105,1.315919947368421,1.4581814210526316,47,63
0,4,away,0.8425862105263158,1.6121498157894736,1.185106657894737,1.014207052631579,60,42
0,0,draw,1.185106657894737,1.014207052631579,0.8908619736842105,1.353819894736842,42,52
0,2,away,1.3456919736842106,1.3521605789473683,1.112908,1.3578454736842105,66,47
1,2,away,1.1328612105263158,1.1503959736842104,1.4262978684210526,1.0722211578947367,36,33
3,0,home,1.315919947368421,1.4581814210526316,1.0763644210526315,1.2173616842105264,63,41
2,0,home,1.3476432368421052,0.9601127894736842,1.5138173157894736,0.831302947368421,46,49
1,0,home,0.8389786578947368,1.3351425789473683,1.058699342105263,1.4024461052631578,62,34
2,1,home,1.1979285263157895,1.1421443157894737,0.8425862105263158,1.6121498157894736,48,60
1,2,away,1.1308949736842104,1.2112308947368422,1.0274163157894738,1.233633447368421,39,45
0,1,away,1.5539092631578948,0.9581219736842105,0.9325241052631579,1.3685032105263157,40,44
1,0,home,1.590960947368421,0.8525350789473685,1.3265687631578946,0.9644233157894737,50,51
3,0,home,1.185106657894737,1.014207052631579,1.058699342105263,1.4024461052631578,42,34
0,0,draw,1.3456919736842106,1.3521605789473683,1.0274163157894738,1.233633447368421,66,45
0,1,away,1.1328612105263158,1.1503959736842104,1.5138173157894736,0.831302947368421,36,49
0,1,away,1.315919947368421,1.4581814210526316,1.3265687631578946,0.9644233157894737,63,51
2,0,home,1.3476432368421052,0.9601127894736842,1.0763644210526315,1.2173616842105264,46,41
0,0,draw,1.5539092631578948,0.9581219736842105,1.4262978684210526,1.0722211578947367,40,33
4,0,home,1.590960947368421,0.8525350789473685,0.8908619736842105,1.353819894736842,50,52
1,3,away,0.8389786578947368,1.3351425789473683,1.112908,1.3578454736842105,62,47
1,0,home,1.1979285263157895,1.1421443157894737,0.9325241052631579,1.3685032105263157,48,44
2,3,away,1.1308949736842104,1.2112308947368422,0.8425862105263158,1.6121498157894736,39,60
0,0,draw,1.3265687631578946,0.9644233157894737,1.1328612105263158,1.1503959736842104,51,36
3,2,home,0.9325241052631579,1.3685032105263157,1.3456919736842106,1.3521605789473683,44,66
1,1,draw,1.0274163157894738,1.233633447368421,1.3476432368421052,0.9601127894736842,45,46
1,2,away,1.4262978684210526,1.0722211578947367,0.8389786578947368,1.3351425789473683,33,62
0,5,away,0.8425862105263158,1.6121498157894736,1.590960947368421,0.8525350789473685,60,50
0,0,draw,1.5138173157894736,0.831302947368421,1.1308949736842104,1.2112308947368422,49,39
1,2,away,1.058699342105263,1.4024461052631578,1.315919947368421,1.4581814210526316,34,63
1,3,away,1.0763644210526315,1.2173616842105264,1.185106657894737,1.014207052631579,41,42
1,3,away,1.112908,1.3578454736842105,1.5539092631578948,0.9581219736842105,47,40
2,3,away,0.8908619736842105,1.353819894736842,1.1979285263157895,1.1421443157894737,52,48
0,0,draw,1.185106657894737,1.014207052631579,1.4262978684210526,1.0722211578947367,42,33
1,0,home,1.3265687631578946,0.9644233157894737,1.112908,1.3578454736842105,51,47
2,0,home,1.5138173157894736,0.831302947368421,0.9325241052631579,1.3685032105263157,49,44
1,0,home,0.8908619736842105,1.353819894736842,1.1308949736842104,1.2112308947368422,52,39
0,2,away,1.0274163157894738,1.233633447368421,1.058699342105263,1.4024461052631578,45,34
1,3,away,1.3476432368421052,0.9601127894736842,1.315919947368421,1.4581814210526316,46,63
1,0,home,1.590960947368421,0.8525350789473685,0.8389786578947368,1.3351425789473683,50,62
0,1,away,1.0763644210526315,1.2173616842105264,1.3456919736842106,1.3521605789473683,41,66
2,2,draw,0.8425862105263158,1.6121498157894736,1.1328612105263158,1.1503959736842104,60,36
1,3,away,1.1979285263157895,1.1421443157894737,1.5539092631578948,0.9581219736842105,48,40
1,3,away,1.3456919736842106,1.3521605789473683,1.1979285263157895,1.1421443157894737,66,48
0,2,away,0.9325241052631579,1.3685032105263157,1.590960947368421,0.8525350789473685,44,50
0,2,away,1.1328612105263158,1.1503959736842104,1.3476432368421052,0.9601127894736842,36,46
1,2,away,1.315919947368421,1.4581814210526316,1.0274163157894738,1.233633447368421,63,45
2,1,home,0.8389786578947368,1.3351425789473683,0.8425862105263158,1.6121498157894736,62,60
2,1,home,1.1308949736842104,1.2112308947368422,1.185106657894737,1.014207052631579,39,42
9,0,home,1.4262978684210526,1.0722211578947367,1.0763644210526315,1.2173616842105264,33,41
1,2,away,1.058699342105263,1.4024461052631578,0.8908619736842105,1.353819894736842,34,52
0,1,away,1.112908,1.3578454736842105,1.5138173157894736,0.831302947368421,47,49
0,1,away,1.5539092631578948,0.9581219736842105,1.3265687631578946,0.9644233157894737,40,51
1,0,home,1.3456919736842106,1.3521605789473683,1.185106657894737,1.014207052631579,66,42
1,1,draw,0.9325241052631579,1.3685032105263157,1.3265687631578946,0.9644233157894737,44,51
0,0,draw,1.1328612105263158,1.1503959736842104,1.1979285263157895,1.1421443157894737,36,48
2,0,home,1.315919947368421,1.4581814210526316,0.8908619736842105,1.353819894736842,63,52
1,4,away,1.5539092631578948,0.9581219736842105,1.590960947368421,0.8525350789473685,40,50
3,3,draw,1.4262978684210526,1.0722211578947367,1.0274163157894738,1.233633447368421,33,45
3,2,home,1.058699342105263,1.4024461052631578,1.0763644210526315,1.2173616842105264,34,41
1,2,away,0.8389786578947368,1.3351425789473683,1.5138173157894736,0.831302947368421,62,49
2,0,home,1.112908,1.3578454736842105,0.8425862105263158,1.6121498157894736,47,60
0,0,draw,1.1308949736842104,1.2112308947368422,1.3476432368421052,0.9601127894736842,39,46
4,2,home,1.185106657894737,1.014207052631579,1.315919947368421,1.4581814210526316,42,63
0,0,draw,1.3265687631578946,0.9644233157894737,1.3456919736842106,1.3521605789473683,51,66
2,0,home,1.5138173157894736,0.831302947368421,1.058699342105263,1.4024461052631578,49,34
0,3,away,0.8908619736842105,1.353819894736842,0.9325241052631579,1.3685032105263157,52,44
0,2,away,1.0274163157894738,1.233633447368421,1.1328612105263158,1.1503959736842104,45,36
3,1,home,1.3476432368421052,0.9601127894736842,1.5539092631578948,0.9581219736842105,46,40
3,0,home,1.590960947368421,0.8525350789473685,1.112908,1.3578454736842105,50,47
1,2,away,1.0763644210526315,1.2173616842105264,1.1308949736842104,1.2112308947368422,41,39
1,1,draw,0.8425862105263158,1.6121498157894736,1.4262978684210526,1.0722211578947367,60,33
3,0,home,1.1979285263157895,1.1421443157894737,0.8389786578947368,1.3351425789473683,48,62
0,1,away,1.185106657894737,1.014207052631579,1.590960947368421,0.8525350789473685,42,50
1,2,away,1.3456919736842106,1.3521605789473683,1.3476432368421052,0.9601127894736842,66,46
1,2,away,1.3265687631578946,0.9644233157894737,0.8908619736842105,1.353819894736842,51,52
0,0,draw,0.9325241052631579,1.3685032105263157,0.8425862105263158,1.6121498157894736,44,60
1,0,home,1.1328612105263158,1.1503959736842104,0.8389786578947368,1.3351425789473683,36,62
0,2,away,1.5539092631578948,0.9581219736842105,1.0274163157894738,1.233633447368421,40,45
3,1,home,1.4262978684210526,1.0722211578947367,1.058699342105263,1.4024461052631578,33,34
1,1,draw,1.0763644210526315,1.2173616842105264,1.5138173157894736,0.831302947368421,41,49
2,1,home,1.1979285263157895,1.1421443157894737,1.112908,1.3578454736842105,48,47
1,0,home,1.1308949736842104,1.2112308947368422,1.315919947368421,1.4581814210526316,39,63
0,0,draw,1.5138173157894736,0.831302947368421,1.4262978684210526,1.0722211578947367,49,33
0,0,draw,0.8908619736842105,1.353819894736842,1.1328612105263158,1.1503959736842104,52,36
1,0,home,1.0274163157894738,1.233633447368421,1.0763644210526315,1.2173616842105264,45,41
0,1,away,1.315919947368421,1.4581814210526316,1.3456919736842106,1.3521605789473683,63,66
1,3,away,1.3476432368421052,0.9601127894736842,1.185106657894737,1.014207052631579,46,42
2,1,home,1.590960947368421,0.8525350789473685,1.1979285263157895,1.1421443157894737,50,48
1,1,draw,1.058699342105263,1.4024461052631578,1.1308949736842104,1.2112308947368422,34,39
0,2,away,0.8389786578947368,1.3351425789473683,1.5539092631578948,0.9581219736842105,62,40
4,0,home,1.112908,1.3578454736842105,0.9325241052631579,1.3685032105263157,47,44
1,0,home,0.8425862105263158,1.6121498157894736,1.3265687631578946,0.9644233157894737,60,51
0,0,draw,1.3456919736842106,1.3521605789473683,1.1308949736842104,1.2112308947368422,66,39
1,2,away,1.3265687631578946,0.9644233157894737,1.3476432368421052,0.9601127894736842,51,46
1,1,draw,0.9325241052631579,1.3685032105263157,1.185106657894737,1.014207052631579,44,42
2,0,home,1.5138173157894736,0.831302947368421,1.0274163157894738,1.233633447368421,49,45
0,1,away,1.5539092631578948,0.9581219736842105,1.1328612105263158,1.1503959736842104,40,36
0,2,away,1.590960947368421,0.8525350789473685,1.4262978684210526,1.0722211578947367,50,33
0,2,away,0.8389786578947368,1.3351425789473683,1.0763644210526315,1.2173616842105264,62,41
4,1,home,1.112908,1.3578454736842105,0.8908619736842105,1.353819894736842,47,52
0,0,draw,0.8425862105263158,1.6121498157894736,1.058699342105263,1.4024461052631578,60,34
2,0,home,1.1979285263157895,1.1421443157894737,1.315919947368421,1.4581814210526316,48,63
2,1,home,1.185106657894737,1.014207052631579,1.112908,1.3578454736842105,42,47
1,0,home,0.8908619736842105,1.353819894736842,0.8425862105263158,1.6121498157894736,52,60
1,2,away,1.0274163157894738,1.233633447368421,0.9325241052631579,1.3685032105263157,45,44
0,3,away,1.1328612105263158,1.1503959736842104,1.590960947368421,0.8525350789473685,36,50
0,0,draw,1.315919947368421,1.4581814210526316,1.5138173157894736,0.831302947368421,63,49
5,0,home,1.3476432368421052,0.9601127894736842,0.8389786578947368,1.3351425789473683,46,62
1,0,home,1.4262978684210526,1.0722211578947367,1.1979285263157895,1.1421443157894737,33,48
1,1,draw,1.058699342105263,1.4024461052631578,1.3456919736842106,1.3521605789473683,34,66
1,2,away,1.0763644210526315,1.2173616842105264,1.3265687631578946,0.9644233157894737,41,51
0,1,away,1.1308949736842104,1.2112308947368422,1.5539092631578948,0.9581219736842105,39,40
3,0,home,1.3265687631578946,0.9644233157894737,1.058699342105263,1.4024461052631578,51,34
1,1,draw,0.9325241052631579,1.3685032105263157,1.3476432368421052,0.9601127894736842,44,46
0,0,draw,0.8908619736842105,1.353819894736842,1.4262978684210526,1.0722211578947367,52,33
1,2,away,1.1328612105263158,1.1503959736842104,1.315919947368421,1.4581814210526316,36,63
0,1,away,1.5539092631578948,0.9581219736842105,1.5138173157894736,0.831302947368421,40,49
4,1,home,1.590960947368421,0.8525350789473685,1.1308949736842104,1.2112308947368422,50,39
1,0,home,0.8389786578947368,1.3351425789473683,1.3456919736842106,1.3521605789473683,62,66
2,1,home,1.112908,1.3578454736842105,1.0763644210526315,1.2173616842105264,47,41
0,1,away,0.8425862105263158,1.6121498157894736,1.0274163157894738,1.233633447368421,60,45
3,3,draw,1.1979285263157895,1.1421443157894737,1.185106657894737,1.014207052631579,48,42
0,3,away,1.185106657894737,1.014207052631579,1.5539092631578948,0.9581219736842105,42,40
3,1,home,1.3456919736842106,1.3521605789473683,1.1328612105263158,1.1503959736842104,66,36
2,5,away,1.5138173157894736,0.831302947368421,0.8425862105263158,1.6121498157894736,49,60
1,1,draw,1.0274163157894738,1.233633447368421,0.8908619736842105,1.353819894736842,45,52
2,1,home,1.315919947368421,1.4581814210526316,0.8389786578947368,1.3351425789473683,63,62
0,2,away,1.3476432368421052,0.9601127894736842,1.590960947368421,0.8525350789473685,46,50
2,1,home,1.4262978684210526,1.0722211578947367,1.3265687631578946,0.9644233157894737,33,51
2,2,draw,1.058699342105263,1.4024461052631578,1.112908,1.3578454736842105,34,47
3,2,home,1.0763644210526315,1.2173616842105264,0.9325241052631579,1.3685032105263157,41,44
2,3,away,1.1308949736842104,1.2112308947368422,1.1979285263157895,1.1421443157894737,39,48
0,0,draw,1.3265687631578946,0.9644233157894737,1.0274163157894738,1.233633447368421,51,45
1,2,away,0.9325241052631579,1.3685032105263157,1.058699342105263,1.4024461052631578,44,34
1,4,away,0.8908619736842105,1.353819894736842,1.5138173157894736,0.831302947368421,52,49
0,1,away,1.1328612105263158,1.1503959736842104,1.1308949736842104,1.2112308947368422,36,39
2,1,home,1.5539092631578948,0.9581219736842105,1.3456919736842106,1.3521605789473683,40,66
1,2,away,1.590960947368421,0.8525350789473685,1.315919947368421,1.4581814210526316,50,63
0,3,away,0.8389786578947368,1.3351425789473683,1.185106657894737,1.014207052631579,62,42
1,3,away,1.112908,1.3578454736842105,1.4262978684210526,1.0722211578947367,47,33
3,0,home,0.8425862105263158,1.6121498157894736,1.0763644210526315,1.2173616842105264,60,41
3,2,home,1.1979285263157895,1.1421443157894737,1.3476432368421052,0.9601127894736842,48,46
1,1,draw,1.185106657894737,1.014207052631579,1.1328612105263158,1.1503959736842104,42,36
1,2,away,1.3456919736842106,1.3521605789473683,1.590960947368421,0.8525350789473685,66,50
0,0,draw,1.5138173157894736,0.831302947368421,1.3265687631578946,0.9644233157894737,49,51
2,2,draw,1.0274163157894738,1.233633447368421,1.112908,1.3578454736842105,45,47
1,1,draw,1.315919947368421,1.4581814210526316,1.5539092631578948,0.9581219736842105,63,40
3,0,home,1.3476432368421052,0.9601127894736842,0.8425862105263158,1.6121498157894736,46,60
3,1,home,1.4262978684210526,1.0722211578947367,0.9325241052631579,1.3685032105263157,33,44
3,2,home,1.058699342105263,1.4024461052631578,1.1979285263157895,1.1421443157894737,34,48
3,1,home,1.0763644210526315,1.2173616842105264,0.8908619736842105,1.353819894736842,41,52
1,0,home,1.1308949736842104,1.2112308947368422,0.8389786578947368,1.3351425789473683,39,62
0,1,away,1.185106657894737,1.014207052631579,1.0274163157894738,1.233633447368421,42,45
2,2,draw,1.3456919736842106,1.3521605789473683,0.8425862105263158,1.6121498157894736,66,60
0,1,away,1.1328612105263158,1.1503959736842104,1.112908,1.3578454736842105,36,47
0,0,draw,1.315919947368421,1.4581814210526316,1.4262978684210526,1.0722211578947367,63,33
2,1,home,1.3476432368421052,0.9601127894736842,0.8908619736842105,1.353819894736842,46,52
1,1,draw,1.5539092631578948,0.9581219736842105,1.058699342105263,1.4024461052631578,40,34
5,2,home,1.590960947368421,0.8525350789473685,1.0763644210526315,1.2173616842105264,50,41
1,0,home,0.8389786578947368,1.3351425789473683,1.3265687631578946,0.9644233157894737,62,51
0,1,away,1.1979285263157895,1.1421443157894737,1.5138173157894736,0.831302947368421,48,49
0,4,away,1.1308949736842104,1.2112308947368422,0.9325241052631579,1.3685032105263157,39,44
2,0,home,1.3265687631578946,0.9644233157894737,1.315919947368421,1.4581814210526316,51,63
1,2,away,0.9325241052631579,1.3685032105263157,1.1979285263157895,1.1421443157894737,44,48
2,0,home,1.5138173157894736,0.831302947368421,1.1328612105263158,1.1503959736842104,49,36
0,2,away,0.8908619736842105,1.353819894736842,1.590960947368421,0.8525350789473685,52,50
1,2,away,1.0274163157894738,1.233633447368421,1.3456919736842106,1.3521605789473683,45,66
2,4,away,1.4262978684210526,1.0722211578947367,1.5539092631578948,0.9581219736842105,33,40
0,2,away,1.058699342105263,1.4024461052631578,1.185106657894737,1.014207052631579,34,42
1,1,draw,1.0763644210526315,1.2173616842105264,1.3476432368421052,0.9601127894736842,41,46
4,0,home,1.112908,1.3578454736842105,0.8389786578947368,1.3351425789473683,47,62
1,1,draw,0.8425862105263158,1.6121498157894736,1.1308949736842104,1.2112308947368422,60,39
3,1,home,1.185106657894737,1.014207052631579,0.8425862105263158,1.6121498157894736,42,60
1,3,away,1.3456919736842106,1.3521605789473683,1.4262978684210526,1.0722211578947367,66,33
0,2,away,1.1328612105263158,1.1503959736842104,0.9325241052631579,1.3685032105263157,36,44
3,1,home,1.315919947368421,1.4581814210526316,1.112908,1.3578454736842105,63,47
2,4,away,1.3476432368421052,0.9601127894736842,1.058699342105263,1.4024461052631578,46,34
2,0,home,1.5539092631578948,0.9581219736842105,1.0763644210526315,1.2173616842105264,40,41
1,2,away,1.590960947368421,0.8525350789473685,1.5138173157894736,0.831302947368421,50,49
0,2,away,0.8389786578947368,1.3351425789473683,0.8908619736842105,1.353819894736842,62,52
0,1,away,1.1979285263157895,1.1421443157894737,1.0274163157894738,1.233633447368421,48,45
2,1,home,1.1308949736842104,1.2112308947368422,1.3265687631578946,0.9644233157894737,39,51
1,1,draw,1.3265687631578946,0.9644233157894737,1.1979285263157895,1.1421443157894737,51,48
0,4,away,0.9325241052631579,1.3685032105263157,1.315919947368421,1.4581814210526316,44,63
0,1,away,1.0274163157894738,1.233633447368421,0.8389786578947368,1.3351425789473683,45,62
1,2,away,1.4262978684210526,1.0722211578947367,1.3476432368421052,0.9601127894736842,33,46
1,2,away,0.8425862105263158,1.6121498157894736,1.5539092631578948,0.9581219736842105,60,40
0,1,away,1.5138173157894736,0.831302947368421,1.185106657894737,1.014207052631579,49,42
3,4,away,1.058699342105263,1.4024461052631578,1.590960947368421,0.8525350789473685,34,50
3,1,home,1.0763644210526315,1.2173616842105264,1.1328612105263158,1.1503959736842104,41,36
2,0,home,1.112908,1.3578454736842105,1.1308949736842104,1.2112308947368422,47,39
3,2,home,0.8908619736842105,1.353819894736842,1.3456919736842106,1.3521605789473683,52,66
3,2,home,1.3265687631578946,0.9644233157894737,1.590960947368421,0.8525350789473685,51,50
0,3,away,0.9325241052631579,1.3685032105263157,1.5539092631578948,0.9581219736842105,44,40
2,1,home,1.5138173157894736,0.831302947368421,1.3476432368421052,0.9601127894736842,49,46
1,3,away,0.8908619736842105,1.353819894736842,1.185106657894737,1.014207052631579,52,42
1,0,home,1.0274163157894738,1.233633447368421,1.1308949736842104,1.2112308947368422,45,39
1,1,draw,1.4262978684210526,1.0722211578947367,1.1328612105263158,1.1503959736842104,33,36
1,0,home,1.058699342105263,1.4024461052631578,0.8389786578947368,1.3351425789473683,34,62
0,2,away,1.0763644210526315,1.2173616842105264,1.315919947368421,1.4581814210526316,41,63
1,2,away,1.112908,1.3578454736842105,1.3456919736842106,1.3521605789473683,47,66
1,3,away,0.8425862105263158,1.6121498157894736,1.1979285263157895,1.1421443157894737,60,48
2,0,home,1.185106657894737,1.014207052631579,1.3265687631578946,0.9644233157894737,42,51
2,1,home,1.3456919736842106,1.3521605789473683,1.5138173157894736,0.831302947368421,66,49
0,2,away,1.1328612105263158,1.1503959736842104,1.058699342105263,1.4024461052631578,36,34
3,1,home,1.315919947368421,1.4581814210526316,0.8425862105263158,1.6121498157894736,63,60
2,4,away,1.3476432368421052,0.9601127894736842,1.112908,1.3578454736842105,46,47
2,0,home,1.5539092631578948,0.9581219736842105,0.8908619736842105,1.353819894736842,40,52
5,0,home,1.590960947368421,0.8525350789473685,1.0274163157894738,1.233633447368421,50,45
1,0,home,0.8389786578947368,1.3351425789473683,0.9325241052631579,1.3685032105263157,62,44
3,0,home,1.1979285263157895,1.1421443157894737,1.0763644210526315,1.2173616842105264,48,41
1,2,away,1.1308949736842104,1.2112308947368422,1.4262978684210526,1.0722211578947367,39,33
